concurrent_users,total_time,successful_requests,failed_requests,total_tokens,tokens_per_second,requests_per_second,success_rate
1,8.635359048843384,1,0,512,59.291107307064095,0.11580294395910956,100.0
2,16.86861801147461,2,0,1024,60.70443940952604,0.11856335822173054,100.0
3,25.33010721206665,3,0,1536,60.63930117391239,0.11843613510529764,100.0
4,34.143168926239014,4,0,2048,59.98271585230956,0.11715374189904211,100.0
5,42.28954601287842,5,0,2560,60.535055146262486,0.11823252958254392,100.0
