concurrent_users,total_time,successful_requests,failed_requests,total_tokens,tokens_per_second,requests_per_second,success_rate
1,5.845762729644775,1,0,512,87.5848069240936,0.1710640760236203,100.0
2,8.379910230636597,2,0,1024,122.19701307256244,0.23866604115734852,100.0
3,11.391345977783203,3,0,1536,134.8392018814717,0.2633578161747494,100.0
4,14.759431838989258,4,0,2048,138.75872881433688,0.2710131422155017,100.0
5,18.174505949020386,5,0,2560,140.85664871335803,0.2751106420182774,100.0
