concurrent_users,total_time,successful_requests,failed_requests,total_tokens,tokens_per_second,requests_per_second,success_rate
1,19.233038663864136,1,0,1024,53.24171691725112,0.051993864177003045,100.0
2,18.135724782943726,2,0,2048,112.92628359281795,0.11027957382111128,100.0
3,17.720412969589233,3,0,3072,173.3593909618242,0.16929628023615645,100.0
4,17.825675010681152,4,0,4096,229.78091979942835,0.22439542949162924,100.0
5,17.760185718536377,5,0,5120,288.28527365320485,0.28152858755195787,100.0
