concurrent_users,total_time,successful_requests,failed_requests,total_tokens,tokens_per_second,requests_per_second,success_rate
1,38.95016694068909,1,0,1024,26.290002853114444,0.025673830911244575,100.0
2,40.38118386268616,2,0,2048,50.716690401254795,0.049528017969975385,100.0
3,39.6074161529541,3,0,3072,77.56123217269946,0.07574339079365182,100.0
4,39.625025033950806,4,0,4096,103.36901986788749,0.10094630846473387,100.0
5,40.01172089576721,5,0,5120,127.96250412067725,0.12496338293034888,100.0
